condition,summary,model,rho,ci_low,ci_high
trained,peak,waveform,-0.01904403223235549,-0.03386567732290355,-0.0042223871418074314
trained,peak,uninspired,0.03298560762012947,0.028212017171757066,0.03775919806850187
trained,peak,inspired,0.057605807059296445,0.04811070733777428,0.0671009067808186
trained,peak,biological,0.0624999102066585,0.05111195062551126,0.07388786978780575
trained,mean,waveform,-0.038659455881978735,-0.05442572815201238,-0.02289318361194509
trained,mean,uninspired,0.005585715588463536,0.001119962056493235,0.010051469120433837
trained,mean,inspired,0.01595886587749883,0.00698864234656559,0.024929089408432067
trained,mean,biological,0.02487234159971338,0.01414421752762051,0.03560046567180625
untrained,peak,waveform,-0.03523733424948226,-0.05199348855639719,-0.018481179942567337
untrained,peak,uninspired,0.06608142841495263,0.04830220489717561,0.08386065193272964
untrained,peak,inspired,0.061604818707832285,0.037985328850402296,0.08522430856526228
untrained,peak,biological,0.04794731713552722,0.03633034398813097,0.05956429028292347
untrained,mean,waveform,-0.06796713252256532,-0.08170314774405364,-0.054231117301077006
untrained,mean,uninspired,0.0036180357392203745,-0.009938255886864167,0.017174327365304914
untrained,mean,inspired,-0.009242698314577354,-0.03049466700699946,0.012009270377844751
untrained,mean,biological,0.006302681180883556,-0.006116250812459272,0.01872161317422638
