condition,summary,comparison,delta,ci_low,ci_high,p,p_holm
trained,peak,waveform - uninspired,-0.05202963985248496,-0.07268205409548276,-0.031377225609487164,0.007936507936507936,0.047619047619047616
trained,peak,waveform - inspired,-0.07664983929165194,-0.09800662644749542,-0.05529305213580846,0.007936507936507936,0.047619047619047616
trained,peak,waveform - biological,-0.081543942439014,-0.10379154112100218,-0.05929634375702582,0.007936507936507936,0.047619047619047616
trained,peak,uninspired - inspired,-0.024620199439166976,-0.0379422235764501,-0.011298175301883854,0.007936507936507936,0.047619047619047616
trained,peak,uninspired - biological,-0.029514302586529033,-0.04538426229073081,-0.01364434288232726,0.007936507936507936,0.047619047619047616
trained,peak,inspired - biological,-0.004894103147362057,-0.022437314617181164,0.01264910832245705,0.5317460317460317,0.5317460317460317
trained,mean,waveform - uninspired,-0.04424517147044227,-0.06625134199989682,-0.02223900094098771,0.007936507936507936,0.047619047619047616
trained,mean,waveform - inspired,-0.05461832175947756,-0.07696970568720105,-0.03226693783175408,0.007936507936507936,0.047619047619047616
trained,mean,waveform - biological,-0.06353179748169212,-0.08650556821537903,-0.04055802674800521,0.007936507936507936,0.047619047619047616
trained,mean,uninspired - inspired,-0.010373150289035293,-0.02295134585909799,0.002205045281027402,0.07936507936507936,0.15873015873015872
trained,mean,uninspired - biological,-0.019286626011249842,-0.03423532543092325,-0.004337926591576436,0.007936507936507936,0.047619047619047616
trained,mean,inspired - biological,-0.00891347572221455,-0.02545656040649809,0.00762960896206899,0.24603174603174602,0.24603174603174602
untrained,peak,waveform - uninspired,-0.10131876266443489,-0.13008007232095656,-0.07255745300791323,0.007936507936507936,0.047619047619047616
untrained,peak,waveform - inspired,-0.09684215295731455,-0.13157238771993762,-0.062111918194691466,0.007936507936507936,0.047619047619047616
untrained,peak,waveform - biological,-0.08318465138500948,-0.10769684785753714,-0.058672454912481825,0.007936507936507936,0.047619047619047616
untrained,peak,uninspired - inspired,0.004476609707120341,-0.030774259941360564,0.039727479355601246,0.7380952380952381,0.7380952380952381
untrained,peak,uninspired - biological,0.018134111279425408,-0.007572348829718269,0.04384057138856909,0.12698412698412698,0.38095238095238093
untrained,peak,inspired - biological,0.013657501572305067,-0.019439369418508427,0.04675437256311856,0.3253968253968254,0.6507936507936508
untrained,mean,waveform - uninspired,-0.0715851682617857,-0.09429175132503594,-0.048878585198535454,0.007936507936507936,0.047619047619047616
untrained,mean,waveform - inspired,-0.058724434207987966,-0.08939324516292124,-0.028055623253054697,0.007936507936507936,0.047619047619047616
untrained,mean,waveform - biological,-0.07426981370344887,-0.09609491300936321,-0.05244471439753454,0.007936507936507936,0.047619047619047616
untrained,mean,uninspired - inspired,0.012860734053797729,-0.017739732585268116,0.04346120069286358,0.3412698412698413,0.8095238095238095
untrained,mean,uninspired - biological,-0.002684645441663181,-0.024343827123409906,0.018974536240083544,0.7936507936507936,0.8095238095238095
untrained,mean,inspired - biological,-0.01554537949546091,-0.04576607964730266,0.014675320656380834,0.2698412698412698,0.8095238095238095
