model,condition,best_layer,rho,ci_low,ci_high
waveform,trained,hidden_layers.3,-0.028769026794905707,-0.03957104476894598,-0.01796700882086543
waveform,untrained,classifier,-0.03523733424948226,-0.05199348855639719,-0.018481179942567337
uninspired,trained,fc_layers.1,0.03298560762012947,0.028212017171757066,0.03775919806850187
uninspired,untrained,fc_layers.0,0.06381069054509535,0.04589421717936108,0.08172716391082961
inspired,trained,classifier,0.05472919451696186,0.04553820079562132,0.0639201882383024
inspired,untrained,rnn,0.0608190955761168,0.03582918298980986,0.08580900816242373
biological,trained,conv_a4,0.058348377037291024,0.04860506716444554,0.0680916869101365
biological,untrained,rnn,0.047020698791730924,0.03391542092171408,0.060125976661747765
yamnet,pretrained,layer12relu,0.09799960036010008,,
