model,depth,layer,n_runs,rho_trained,trained_ci_low,trained_ci_high,rho_untrained,untrained_ci_low,untrained_ci_high,delta,delta_ci_low,delta_ci_high,hedges_g,consistency_trained,consistency_untrained
waveform,0,hidden_layers.0,5,-0.06824541926131363,-0.08165535798049102,-0.054835480542136224,-0.06376528339702217,-0.07887455812501248,-0.04865600866903185,-0.004480135864291454,-0.02830679552684708,0.01934652379826417,-0.24830269785376097,0.21648106315433352,0.5208441700652438
waveform,1,hidden_layers.1,5,-0.030939411425606977,-0.04372738703411685,-0.018151435817097106,-0.09859920158032795,-0.11390810061572601,-0.08329030254492989,0.06765979015472097,0.04406106080964837,0.09125851949979358,3.7977727018705547,0.050311340169443865,0.5996863891190313
waveform,2,hidden_layers.2,5,-0.03047629174144465,-0.04394411889387184,-0.01700846458901746,-0.07913151900062543,-0.09818247430758822,-0.06008056369366264,0.048655227259180776,0.020665144879147637,0.07664530963921391,2.3349858806605006,0.04551358837828057,0.5028072532933783
waveform,3,hidden_layers.3,5,-0.028769026794905707,-0.03957104476894598,-0.01796700882086543,-0.08068690934318115,-0.09762555812806023,-0.06374826055830207,0.051917882548275444,0.027529191022489227,0.07630657407406166,2.8934969976708778,0.04429313510163421,0.40403051744368773
waveform,4,hidden_layers.4,5,-0.03352534041194085,-0.05107990557382689,-0.01597077525005481,-0.05038254756475295,-0.06483487311677193,-0.03593022201273398,0.016857207152812102,-0.01006792080085251,0.043782335106476715,0.8300592975905415,0.056414370614937,0.2676659722668954
waveform,5,classifier,5,-0.0400012456566606,-0.07897694073438377,-0.0010255505789374258,-0.03523733424948226,-0.05199348855639719,-0.018481179942567337,-0.004763911407178335,-0.05910622262236807,0.049578399808011396,-0.12572599690716146,0.10226855100857897,0.2083170324433578
uninspired,0,conv_layers.0,5,-0.050841709692556136,-0.055560288239856696,-0.046123131145255576,-0.0728106238112371,-0.08032473647333604,-0.06529651114913815,0.02196891411868096,0.011176759709788148,0.032761068527573774,2.7722315119007006,0.9598526237036789,0.8852016354970305
uninspired,1,conv_layers.1,5,-0.016277186515483506,-0.023029450240084653,-0.009524922790882358,-0.06752968603603945,-0.09425712230622524,-0.040802249765853664,0.05125249952055595,0.0138793315435227,0.08862566749758921,2.081638229422746,0.913132884925816,0.8170159413154131
uninspired,2,conv_layers.2,5,0.01251193052599183,0.0027818838838095158,0.022241977168174144,-0.020297010317182083,-0.04706056565682756,0.0064665450224634,0.032808940843173914,-0.004452484166574837,0.07007036585292267,1.2899546503206174,0.8841030244006864,0.7934096948632096
uninspired,3,fc_layers.0,5,0.02652361658814311,0.01935508616835687,0.03369214700792935,0.06381069054509535,0.04589421717936108,0.08172716391082961,-0.03728707395695224,-0.06223949679245304,-0.012334651121451438,-2.1634305568857037,0.9168255440112182,0.7091039887632067
uninspired,4,fc_layers.1,5,0.03298560762012947,0.028212017171757066,0.03775919806850187,0.06064862893079078,0.04318770627803821,0.07810955158354335,-0.027663021310661312,-0.052047864804694505,-0.003278177816628123,-1.711051266538621,0.9026557016372083,0.6899520180903845
uninspired,5,classifier,5,0.028612035004556446,0.02318802482127005,0.03403604518784284,0.057886215123894746,0.04356322260506142,0.07220920764272808,-0.0292741801193383,-0.049215438512331885,-0.009332921726344718,-2.140093567422487,0.9176079621279982,0.6875006719981663
inspired,0,conv_layers.0,5,-0.06067903747263988,-0.07534564167721633,-0.04601243326806342,-0.04699246041460854,-0.08303492729725842,-0.010949993531958656,-0.013686577058031335,-0.06389251894348066,0.036519364827418,-0.39381306452709963,0.9199148490617377,0.8466480479223094
inspired,1,conv_layers.1,5,-0.004857432281781936,-0.023211841225892232,0.01349697666232836,-0.06830737810608133,-0.09373404049757168,-0.04288071571459097,0.06344994582429939,0.025908360284885468,0.1009915313637133,2.265419691714361,0.7647927012139628,0.7170142389065141
inspired,2,conv_layers.2,5,0.0447490938621838,0.028074461941723087,0.06142372578264452,-0.04373600966632287,-0.06837982201424846,-0.019092197318397282,0.08848510352850666,0.05261632763479292,0.12435387942222041,3.329602693521334,0.8068246636245267,0.6518051603365268
inspired,3,rnn,5,0.0458525107627703,0.035791629102362645,0.05591339242317795,0.0608190955761168,0.03582918298980986,0.08580900816242373,-0.0149665848133465,-0.04977243633690355,0.01983926671021055,-0.6220444880325173,0.8589713667449113,0.6769444924478426
inspired,4,classifier,5,0.05472919451696186,0.04553820079562132,0.0639201882383024,0.05200326103800916,0.03333244826656218,0.07067407380945614,0.0027259334789526968,-0.023437838662727865,0.028889705620633258,0.1466617272466495,0.8598684230050363,0.6670580869629074
biological,0,conv_a1,5,-0.06591705654042432,-0.08323637321708727,-0.04859773986376137,-0.001494390879640952,-0.011437260366424947,0.008448478607143043,-0.06442266566078336,-0.08900018004105598,-0.03984515128051075,-3.6118771175221744,0.9174910297435586,0.9340980963743478
biological,1,conv_lbelt,5,0.03441041396838958,0.010417073965849625,0.058403753970929534,-0.00506168168715458,-0.03687042776052314,0.02674706438621398,0.03947209565554416,-0.008027696442524546,0.08697188775361286,1.109223113096148,0.7246764397095731,0.7739025154240169
biological,1,conv_mbelt,5,0.014976523628221324,-0.0034435155070992457,0.033396562763541894,-0.02310064404559118,-0.037769640396625455,-0.008431647694556904,0.0380771676738125,0.010129445324684027,0.06602489002294097,1.8105276309994565,0.7170804091785528,0.8116675362607049
biological,2,conv_pbelt,5,0.057358862020078324,0.039759353417941956,0.07495837062221469,-0.002079582775538821,-0.015773294053507317,0.011614128502429674,0.05943844479561715,0.03292406467166333,0.08595282491957096,2.984405906507424,0.8153251045287291,0.8208729164862116
biological,3,conv_a4,5,0.058348377037291024,0.04860506716444554,0.0680916869101365,-0.008784192460900859,-0.030679527157974663,0.013111142236172945,0.06713256949819188,0.0365780302587086,0.09768710873767517,3.1364039079334343,0.8856922761428413,0.7455906030094775
biological,4,rnn,5,0.03900539820904273,0.016479426375044216,0.061531370043041246,0.047020698791730924,0.03391542092171408,0.060125976661747765,-0.008015300582688192,-0.04003069727999007,0.024000096114613685,-0.34436079477593784,0.8026925310866242,0.8670727951125732
biological,5,classifier,5,0.03592387287539499,0.013100385851898284,0.058747359898891696,0.03761856132328035,0.02536905534332866,0.04986806730323204,-0.0016946884478853605,-0.03386967543023457,0.03048029853446385,-0.07325264745057197,0.7981025325952896,0.7684901971967342
